{
  "version": "ultimate_cascade_fuzzy",
  "taux_classification": 0.5617715617715617,
  "confiance_moyenne": 0.6715043200397313,
  "score_moyen": 5.6553983891463,
  "cascade_passes": {
    "pass1": 1423,
    "pass2": 99,
    "pass3": 29,
    "pass4": 136
  },
  "fuzzy_enabled": true,
  "distribution_equilibree": false,
  "nb_profils_actifs": 14,
  "timestamp": "2025-12-30T22:48:24.391136"
}