{
  "n_topics": 8,
  "topics": {
    "Topic 1": {
      "words": [
        "plus",
        "client",
        "équipe",
        "groupe",
        "expérience",
        "service",
        "développement",
        "compétences",
        "équipes",
        "chez",
        "collaborateurs",
        "france",
        "environnement",
        "technique",
        "rejoindre"
      ],
      "scores": [
        2017.6052908741299,
        1723.7257029067316,
        1656.1339277669574,
        999.5813043653607,
        991.7681444884136,
        965.1313775448242,
        906.3055367502747,
        885.1445985472793,
        868.1121725878461,
        833.6784095552142,
        817.2890480103315,
        764.0575932046384,
        712.7840944090893,
        710.176205721182,
        707.733375750038
      ]
    },
    "Topic 2": {
      "words": [
        "données",
        "technique",
        "qualité",
        "assurer",
        "gestion",
        "outils",
        "développement",
        "expérience",
        "data",
        "projets",
        "participer",
        "solution",
        "flux",
        "équipe",
        "test"
      ],
      "scores": [
        3062.8361690209285,
        1782.4394589861872,
        978.8239024349667,
        848.523055447878,
        726.887932599228,
        671.6213836726907,
        661.3286789613846,
        657.861997162418,
        655.8889994441379,
        653.5400842307079,
        641.9666634525323,
        632.9864580838275,
        585.9172380139036,
        555.8771553129615,
        554.026751825268
      ]
    },
    "Topic 3": {
      "words": [
        "data",
        "client",
        "solution",
        "projets",
        "métiers",
        "transformation",
        "équipes",
        "données",
        "business",
        "performance",
        "conseil",
        "expérience",
        "architecture",
        "équipe",
        "développement"
      ],
      "scores": [
        5536.760740549712,
        1574.848133706028,
        1321.38921164676,
        1246.634555651705,
        979.3636875515548,
        909.5509464586503,
        881.2173939350566,
        783.3727163808985,
        754.3659188677224,
        709.9667461312538,
        683.3946865190251,
        659.2496372518012,
        645.5407811858186,
        615.718255468226,
        595.5083558846915
      ]
    },
    "Topic 4": {
      "words": [
        "data",
        "science",
        "paris",
        "business",
        "solution",
        "research",
        "development",
        "engineering",
        "learning",
        "support",
        "analysis",
        "team",
        "customer",
        "tool",
        "project"
      ],
      "scores": [
        1973.0370883011256,
        693.9701080652236,
        617.8781735886961,
        540.5045878019331,
        522.8106794275025,
        416.97950710811705,
        398.8949446316418,
        393.2814293582662,
        384.0091003968473,
        374.39141507127806,
        374.1478115779205,
        342.584449757112,
        330.0194464452789,
        298.9047853196993,
        297.6759260856227
      ]
    },
    "Topic 5": {
      "words": [
        "data",
        "données",
        "client",
        "solution",
        "plus",
        "technology",
        "place",
        "transformation",
        "mise",
        "big",
        "inetum",
        "service",
        "steria",
        "groupe",
        "environnement"
      ],
      "scores": [
        1360.0422477729805,
        658.1638623035924,
        650.83542356129,
        494.8627566131907,
        430.12413578085494,
        422.17441230387743,
        418.7915237668288,
        389.9265286342136,
        379.0609519699188,
        354.48204248518215,
        337.22134441660904,
        330.04903542014114,
        319.4110406766215,
        287.8520127216622,
        276.1651886494697
      ]
    },
    "Topic 6": {
      "words": [
        "modèles",
        "learning",
        "données",
        "data",
        "machine",
        "science",
        "développement",
        "technique",
        "stage",
        "python",
        "équipe",
        "expérience",
        "plus",
        "développer",
        "méthodes"
      ],
      "scores": [
        1442.065415441447,
        1432.9930288982027,
        1348.0746752348573,
        1260.3830663247118,
        1018.6672583761411,
        989.4037037101531,
        766.1656049019069,
        711.3243898201007,
        668.9549911939542,
        638.6380625372686,
        602.2509482680964,
        560.456994854097,
        541.2114733007334,
        500.8391430829603,
        485.2443141156327
      ]
    },
    "Topic 7": {
      "words": [
        "data",
        "socotec",
        "groupe",
        "risques",
        "équipe",
        "banque",
        "crédit",
        "données",
        "analyse",
        "métiers",
        "agricole",
        "projets",
        "construction",
        "sein",
        "risque"
      ],
      "scores": [
        706.7234435183647,
        673.5247503289493,
        447.89376968755164,
        417.9578067738404,
        354.8088435140728,
        319.15687337396537,
        314.34738047026417,
        281.88932501393833,
        261.1424571143933,
        253.41997089612613,
        252.1967883467638,
        219.80283579350174,
        212.369086454739,
        211.82567030244857,
        204.74640985863266
      ]
    },
    "Topic 8": {
      "words": [
        "données",
        "analyse",
        "outils",
        "stage",
        "service",
        "équipe",
        "gestion",
        "sein",
        "information",
        "direction",
        "tableau",
        "projets",
        "participer",
        "bac",
        "mois"
      ],
      "scores": [
        2610.027980687029,
        1480.6416895624054,
        1195.7716229926689,
        1014.169507065695,
        1011.6398348234418,
        847.16374989998,
        791.4680795752873,
        768.5914517952054,
        681.7338462696281,
        647.8815811428568,
        645.5013799063507,
        632.8489786145898,
        613.766987464816,
        607.0796293021962,
        595.8618756865291
      ]
    }
  },
  "distribution": {
    "Topic 1": 710,
    "Topic 2": 492,
    "Topic 3": 512,
    "Topic 4": 176,
    "Topic 5": 122,
    "Topic 6": 351,
    "Topic 7": 57,
    "Topic 8": 583
  }
}